"Label (Grouping)","Colorado!!Total!!Estimate","Colorado!!Total!!Margin of Error","Colorado!!Percent!!Estimate","Colorado!!Percent!!Margin of Error","Colorado!!Male!!Estimate","Colorado!!Male!!Margin of Error","Colorado!!Percent Male!!Estimate","Colorado!!Percent Male!!Margin of Error","Colorado!!Female!!Estimate","Colorado!!Female!!Margin of Error","Colorado!!Percent Female!!Estimate","Colorado!!Percent Female!!Margin of Error","Florida!!Total!!Estimate","Florida!!Total!!Margin of Error","Florida!!Percent!!Estimate","Florida!!Percent!!Margin of Error","Florida!!Male!!Estimate","Florida!!Male!!Margin of Error","Florida!!Percent Male!!Estimate","Florida!!Percent Male!!Margin of Error","Florida!!Female!!Estimate","Florida!!Female!!Margin of Error","Florida!!Percent Female!!Estimate","Florida!!Percent Female!!Margin of Error","Georgia!!Total!!Estimate","Georgia!!Total!!Margin of Error","Georgia!!Percent!!Estimate","Georgia!!Percent!!Margin of Error","Georgia!!Male!!Estimate","Georgia!!Male!!Margin of Error","Georgia!!Percent Male!!Estimate","Georgia!!Percent Male!!Margin of Error","Georgia!!Female!!Estimate","Georgia!!Female!!Margin of Error","Georgia!!Percent Female!!Estimate","Georgia!!Percent Female!!Margin of Error","Iowa!!Total!!Estimate","Iowa!!Total!!Margin of Error","Iowa!!Percent!!Estimate","Iowa!!Percent!!Margin of Error","Iowa!!Male!!Estimate","Iowa!!Male!!Margin of Error","Iowa!!Percent Male!!Estimate","Iowa!!Percent Male!!Margin of Error","Iowa!!Female!!Estimate","Iowa!!Female!!Margin of Error","Iowa!!Percent Female!!Estimate","Iowa!!Percent Female!!Margin of Error","Louisiana!!Total!!Estimate","Louisiana!!Total!!Margin of Error","Louisiana!!Percent!!Estimate","Louisiana!!Percent!!Margin of Error","Louisiana!!Male!!Estimate","Louisiana!!Male!!Margin of Error","Louisiana!!Percent Male!!Estimate","Louisiana!!Percent Male!!Margin of Error","Louisiana!!Female!!Estimate","Louisiana!!Female!!Margin of Error","Louisiana!!Percent Female!!Estimate","Louisiana!!Percent Female!!Margin of Error","Michigan!!Total!!Estimate","Michigan!!Total!!Margin of Error","Michigan!!Percent!!Estimate","Michigan!!Percent!!Margin of Error","Michigan!!Male!!Estimate","Michigan!!Male!!Margin of Error","Michigan!!Percent Male!!Estimate","Michigan!!Percent Male!!Margin of Error","Michigan!!Female!!Estimate","Michigan!!Female!!Margin of Error","Michigan!!Percent Female!!Estimate","Michigan!!Percent Female!!Margin of Error","New Mexico!!Total!!Estimate","New Mexico!!Total!!Margin of Error","New Mexico!!Percent!!Estimate","New Mexico!!Percent!!Margin of Error","New Mexico!!Male!!Estimate","New Mexico!!Male!!Margin of Error","New Mexico!!Percent Male!!Estimate","New Mexico!!Percent Male!!Margin of Error","New Mexico!!Female!!Estimate","New Mexico!!Female!!Margin of Error","New Mexico!!Percent Female!!Estimate","New Mexico!!Percent Female!!Margin of Error","Ohio!!Total!!Estimate","Ohio!!Total!!Margin of Error","Ohio!!Percent!!Estimate","Ohio!!Percent!!Margin of Error","Ohio!!Male!!Estimate","Ohio!!Male!!Margin of Error","Ohio!!Percent Male!!Estimate","Ohio!!Percent Male!!Margin of Error","Ohio!!Female!!Estimate","Ohio!!Female!!Margin of Error","Ohio!!Percent Female!!Estimate","Ohio!!Percent Female!!Margin of Error","Pennsylvania!!Total!!Estimate","Pennsylvania!!Total!!Margin of Error","Pennsylvania!!Percent!!Estimate","Pennsylvania!!Percent!!Margin of Error","Pennsylvania!!Male!!Estimate","Pennsylvania!!Male!!Margin of Error","Pennsylvania!!Percent Male!!Estimate","Pennsylvania!!Percent Male!!Margin of Error","Pennsylvania!!Female!!Estimate","Pennsylvania!!Female!!Margin of Error","Pennsylvania!!Percent Female!!Estimate","Pennsylvania!!Percent Female!!Margin of Error","Wisconsin!!Total!!Estimate","Wisconsin!!Total!!Margin of Error","Wisconsin!!Percent!!Estimate","Wisconsin!!Percent!!Margin of Error","Wisconsin!!Male!!Estimate","Wisconsin!!Male!!Margin of Error","Wisconsin!!Percent Male!!Estimate","Wisconsin!!Percent Male!!Margin of Error","Wisconsin!!Female!!Estimate","Wisconsin!!Female!!Margin of Error","Wisconsin!!Percent Female!!Estimate","Wisconsin!!Percent Female!!Margin of Error"
"AGE BY EDUCATIONAL ATTAINMENT","","","","","","","","","","","","","","","","","","","","","","","","","","","","","","","","","","","","","","","","","","","","","","","","","","","","","","","","","","","","","","","","","","","","","","","","","","","","","","","","","","","","","","","","","","","","","","","","","","","","","","","","","","","","","","","","","","","","","","","",""
"    Population 18 to 24 years","544,827","±4,555","(X)","(X)","286,110","±3,358","(X)","(X)","258,717","±2,668","(X)","(X)","1,845,519","±5,953","(X)","(X)","940,236","±4,246","(X)","(X)","905,283","±4,026","(X)","(X)","1,074,228","±9,339","(X)","(X)","546,821","±6,634","(X)","(X)","527,407","±5,466","(X)","(X)","324,258","±3,515","(X)","(X)","169,286","±2,421","(X)","(X)","154,972","±2,357","(X)","(X)","435,260","±6,455","(X)","(X)","225,546","±4,988","(X)","(X)","209,714","±3,255","(X)","(X)","948,938","±4,128","(X)","(X)","484,571","±3,038","(X)","(X)","464,367","±3,248","(X)","(X)","204,740","±4,726","(X)","(X)","107,346","±3,199","(X)","(X)","97,394","±2,720","(X)","(X)","1,066,973","±5,260","(X)","(X)","544,935","±4,391","(X)","(X)","522,038","±3,373","(X)","(X)","1,198,106","±5,299","(X)","(X)","603,447","±3,443","(X)","(X)","594,659","±3,699","(X)","(X)","562,259","±3,541","(X)","(X)","289,359","±2,793","(X)","(X)","272,900","±2,565","(X)","(X)"
"        Less than high school graduate","59,947","±4,529","11.0%","±0.8","38,742","±3,295","13.5%","±1.1","21,205","±2,671","8.2%","±1.0","229,379","±11,394","12.4%","±0.6","137,952","±7,477","14.7%","±0.8","91,427","±6,701","10.1%","±0.7","151,971","±8,585","14.1%","±0.8","90,798","±6,592","16.6%","±1.2","61,173","±5,025","11.6%","±0.9","33,490","±2,814","10.3%","±0.9","19,636","±2,218","11.6%","±1.3","13,854","±2,037","8.9%","±1.3","60,146","±4,789","13.8%","±1.1","37,483","±3,672","16.6%","±1.6","22,663","±2,920","10.8%","±1.4","109,516","±5,997","11.5%","±0.6","66,463","±5,096","13.7%","±1.0","43,053","±3,297","9.3%","±0.7","29,849","±2,723","14.6%","±1.4","17,665","±2,272","16.5%","±2.2","12,184","±1,932","12.5%","±2.0","132,185","±6,563","12.4%","±0.6","73,173","±4,657","13.4%","±0.9","59,012","±4,436","11.3%","±0.8","139,471","±6,974","11.6%","±0.6","76,933","±4,550","12.7%","±0.8","62,538","±4,705","10.5%","±0.8","59,412","±4,535","10.6%","±0.8","36,526","±3,425","12.6%","±1.2","22,886","±2,492","8.4%","±0.9"
"        High school graduate (includes equivalency)","187,892","±7,364","34.5%","±1.3","101,590","±5,626","35.5%","±1.9","86,302","±4,400","33.4%","±1.7","638,736","±17,599","34.6%","±0.9","368,957","±10,725","39.2%","±1.1","269,779","±12,271","29.8%","±1.3","387,826","±12,872","36.1%","±1.2","212,046","±9,456","38.8%","±1.6","175,780","±8,043","33.3%","±1.6","101,453","±4,911","31.3%","±1.4","60,930","±3,722","36.0%","±2.1","40,523","±2,964","26.1%","±1.8","160,986","±7,834","37.0%","±1.7","91,508","±6,410","40.6%","±2.7","69,478","±4,866","33.1%","±2.2","346,112","±9,556","36.5%","±1.0","188,020","±6,898","38.8%","±1.4","158,092","±5,695","34.0%","±1.2","82,161","±4,849","40.1%","±2.0","47,108","±3,921","43.9%","±3.2","35,053","±3,355","36.0%","±3.1","412,603","±10,496","38.7%","±1.0","231,750","±6,894","42.5%","±1.2","180,853","±7,103","34.6%","±1.4","419,227","±11,070","35.0%","±0.9","235,168","±6,407","39.0%","±1.1","184,059","±7,852","31.0%","±1.3","208,947","±7,439","37.2%","±1.3","118,747","±4,979","41.0%","±1.6","90,200","±5,161","33.1%","±1.8"
"        Some college or associate's degree","212,694","±7,500","39.0%","±1.3","111,464","±6,188","39.0%","±2.1","101,230","±4,649","39.1%","±1.7","754,968","±14,903","40.9%","±0.8","343,595","±10,694","36.5%","±1.1","411,373","±11,330","45.4%","±1.2","406,237","±13,399","37.8%","±1.2","187,704","±7,562","34.3%","±1.4","218,533","±9,940","41.4%","±1.8","149,140","±4,384","46.0%","±1.4","70,257","±2,920","41.5%","±1.8","78,883","±3,489","50.9%","±2.2","176,961","±7,608","40.7%","±1.7","82,227","±5,707","36.5%","±2.4","94,734","±5,455","45.2%","±2.5","379,626","±10,654","40.0%","±1.1","178,826","±7,659","36.9%","±1.5","200,800","±6,387","43.2%","±1.3","77,133","±4,453","37.7%","±2.0","36,232","±3,149","33.8%","±2.7","40,901","±3,029","42.0%","±3.0","391,241","±9,980","36.7%","±0.9","182,121","±6,319","33.4%","±1.1","209,120","±7,082","40.1%","±1.3","462,493","±9,915","38.6%","±0.8","215,843","±7,377","35.8%","±1.2","246,650","±7,418","41.5%","±1.2","211,854","±7,769","37.7%","±1.4","101,322","±5,273","35.0%","±1.8","110,532","±5,139","40.5%","±2.0"
"        Bachelor's degree or higher","84,294","±6,008","15.5%","±1.1","34,314","±3,699","12.0%","±1.3","49,980","±3,945","19.3%","±1.5","222,436","±9,928","12.1%","±0.5","89,732","±6,046","9.5%","±0.7","132,704","±7,265","14.7%","±0.8","128,194","±7,063","11.9%","±0.7","56,273","±4,633","10.3%","±0.9","71,921","±4,924","13.6%","±0.9","40,175","±4,283","12.4%","±1.3","18,463","±2,552","10.9%","±1.5","21,712","±2,712","14.0%","±1.7","37,167","±4,061","8.5%","±0.9","14,328","±2,805","6.4%","±1.2","22,839","±2,991","10.9%","±1.4","113,684","±7,195","12.0%","±0.8","51,262","±4,691","10.6%","±1.0","62,422","±4,659","13.4%","±1.0","15,597","±2,261","7.6%","±1.1","6,341","±1,643","5.9%","±1.5","9,256","±1,990","9.5%","±2.0","130,944","±7,013","12.3%","±0.7","57,891","±3,955","10.6%","±0.7","73,053","±5,223","14.0%","±1.0","176,915","±7,750","14.8%","±0.6","75,503","±5,673","12.5%","±0.9","101,412","±5,355","17.1%","±0.9","82,046","±5,280","14.6%","±1.0","32,764","±3,296","11.3%","±1.2","49,282","±3,942","18.1%","±1.4"
"    Population 25 years and over","4,084,004","±4,595","(X)","(X)","2,056,596","±4,028","(X)","(X)","2,027,408","±2,709","(X)","(X)","16,104,410","±6,772","(X)","(X)","7,811,595","±5,273","(X)","(X)","8,292,815","±4,731","(X)","(X)","7,332,980","±9,439","(X)","(X)","3,495,225","±6,840","(X)","(X)","3,837,755","±6,114","(X)","(X)","2,159,511","±3,801","(X)","(X)","1,070,639","±2,865","(X)","(X)","1,088,872","±3,205","(X)","(X)","3,096,121","±6,621","(X)","(X)","1,479,561","±5,175","(X)","(X)","1,616,560","±4,127","(X)","(X)","6,978,952","±4,408","(X)","(X)","3,414,643","±3,487","(X)","(X)","3,564,309","±3,522","(X)","(X)","1,453,129","±5,689","(X)","(X)","710,756","±3,829","(X)","(X)","742,373","±4,325","(X)","(X)","8,130,929","±5,579","(X)","(X)","3,955,045","±5,289","(X)","(X)","4,175,884","±4,770","(X)","(X)","9,151,744","±5,452","(X)","(X)","4,455,874","±3,918","(X)","(X)","4,695,870","±3,488","(X)","(X)","4,088,500","±3,825","(X)","(X)","2,027,930","±2,749","(X)","(X)","2,060,570","±3,104","(X)","(X)"
"        Less than 9th grade","114,089","±6,839","2.8%","±0.2","55,583","±4,790","2.7%","±0.2","58,506","±4,361","2.9%","±0.2","679,435","±18,273","4.2%","±0.1","345,584","±12,843","4.4%","±0.2","333,851","±10,790","4.0%","±0.1","292,438","±11,050","4.0%","±0.2","153,170","±7,081","4.4%","±0.2","139,268","±7,232","3.6%","±0.2","53,334","±3,929","2.5%","±0.2","27,663","±2,746","2.6%","±0.3","25,671","±2,330","2.4%","±0.2","128,792","±6,873","4.2%","±0.2","73,462","±4,430","5.0%","±0.3","55,330","±4,327","3.4%","±0.3","186,608","±7,517","2.7%","±0.1","93,310","±4,537","2.7%","±0.1","93,298","±4,945","2.6%","±0.1","72,755","±6,125","5.0%","±0.4","37,802","±3,969","5.3%","±0.6","34,953","±3,669","4.7%","±0.5","214,728","±9,526","2.6%","±0.1","113,462","±6,148","2.9%","±0.2","101,266","±5,596","2.4%","±0.1","253,940","±9,005","2.8%","±0.1","125,941","±6,021","2.8%","±0.1","127,999","±6,085","2.7%","±0.1","99,448","±5,322","2.4%","±0.1","55,305","±3,332","2.7%","±0.2","44,143","±3,739","2.1%","±0.2"
"        9th to 12th grade, no diploma","170,479","±7,480","4.2%","±0.2","94,639","±5,180","4.6%","±0.3","75,840","±5,017","3.7%","±0.2","943,495","±18,472","5.9%","±0.1","501,965","±14,924","6.4%","±0.2","441,530","±13,179","5.3%","±0.2","476,498","±12,174","6.5%","±0.2","247,009","±8,659","7.1%","±0.2","229,489","±8,531","6.0%","±0.2","87,687","±4,809","4.1%","±0.2","50,264","±3,423","4.7%","±0.3","37,423","±2,853","3.4%","±0.3","264,491","±9,266","8.5%","±0.3","142,516","±6,949","9.6%","±0.5","121,975","±6,655","7.5%","±0.4","383,114","±10,746","5.5%","±0.2","208,161","±7,258","6.1%","±0.2","174,953","±7,171","4.9%","±0.2","101,546","±6,032","7.0%","±0.4","54,606","±3,818","7.7%","±0.5","46,940","±4,185","6.3%","±0.6","455,705","±14,213","5.6%","±0.2","239,211","±8,710","6.0%","±0.2","216,494","±8,760","5.2%","±0.2","461,170","±14,110","5.0%","±0.2","238,919","±9,443","5.4%","±0.2","222,251","±8,492","4.7%","±0.2","167,049","±5,464","4.1%","±0.1","96,627","±3,631","4.8%","±0.2","70,422","±3,777","3.4%","±0.2"
"        High school graduate (includes equivalency)","823,109","±14,508","20.2%","±0.4","444,568","±11,739","21.6%","±0.6","378,541","±7,766","18.7%","±0.4","4,363,609","±38,870","27.1%","±0.2","2,184,296","±25,804","28.0%","±0.3","2,179,313","±25,832","26.3%","±0.3","1,979,843","±27,436","27.0%","±0.4","1,012,226","±18,835","29.0%","±0.5","967,617","±16,996","25.2%","±0.4","637,844","±10,658","29.5%","±0.5","345,301","±7,393","32.3%","±0.7","292,543","±6,395","26.9%","±0.6","1,006,184","±16,682","32.5%","±0.5","504,383","±10,781","34.1%","±0.7","501,801","±11,573","31.0%","±0.7","1,962,345","±18,856","28.1%","±0.3","1,004,351","±13,200","29.4%","±0.4","957,994","±12,091","26.9%","±0.3","374,107","±10,742","25.7%","±0.7","197,218","±7,026","27.7%","±1.0","176,889","±7,526","23.8%","±1.0","2,597,720","±22,502","31.9%","±0.3","1,332,300","±16,039","33.7%","±0.4","1,265,420","±14,523","30.3%","±0.3","3,019,642","±27,778","33.0%","±0.3","1,537,968","±16,178","34.5%","±0.4","1,481,674","±22,030","31.6%","±0.5","1,209,135","±14,551","29.6%","±0.4","629,879","±9,476","31.1%","±0.5","579,256","±8,793","28.1%","±0.4"
"        Some college, no degree","762,179","±14,197","18.7%","±0.3","389,362","±11,360","18.9%","±0.5","372,817","±8,725","18.4%","±0.4","2,955,638","±28,364","18.4%","±0.2","1,429,288","±20,098","18.3%","±0.3","1,526,350","±19,319","18.4%","±0.2","1,401,114","±21,229","19.1%","±0.3","662,656","±15,399","19.0%","±0.4","738,458","±15,533","19.2%","±0.4","424,541","±9,828","19.7%","±0.4","206,514","±6,658","19.3%","±0.6","218,027","±6,178","20.0%","±0.6","635,109","±13,593","20.5%","±0.4","301,598","±9,855","20.4%","±0.7","333,511","±8,262","20.6%","±0.5","1,531,132","±20,196","21.9%","±0.3","751,231","±12,421","22.0%","±0.4","779,901","±13,548","21.9%","±0.4","329,832","±10,999","22.7%","±0.7","159,077","±6,941","22.4%","±1.0","170,755","±7,053","23.0%","±0.9","1,549,620","±22,361","19.1%","±0.3","760,487","±14,345","19.2%","±0.4","789,133","±15,121","18.9%","±0.4","1,394,205","±19,188","15.2%","±0.2","674,941","±13,189","15.1%","±0.3","719,264","±13,634","15.3%","±0.3","798,565","±11,413","19.5%","±0.3","401,374","±8,817","19.8%","±0.4","397,191","±7,488","19.3%","±0.4"
"        Associate's degree","339,016","±9,297","8.3%","±0.2","155,516","±5,951","7.6%","±0.3","183,500","±6,986","9.1%","±0.3","1,643,815","±28,280","10.2%","±0.2","718,652","±15,615","9.2%","±0.2","925,163","±19,727","11.2%","±0.2","638,973","±15,262","8.7%","±0.2","254,971","±9,360","7.3%","±0.3","384,002","±12,661","10.0%","±0.3","258,299","±7,294","12.0%","±0.3","115,519","±4,961","10.8%","±0.5","142,780","±5,719","13.1%","±0.5","221,439","±8,242","7.2%","±0.3","92,639","±5,433","6.3%","±0.4","128,800","±6,635","8.0%","±0.4","673,901","±13,862","9.7%","±0.2","293,179","±7,943","8.6%","±0.2","380,722","±10,400","10.7%","±0.3","132,292","±7,056","9.1%","±0.5","63,618","±5,358","9.0%","±0.7","68,674","±4,311","9.3%","±0.6","712,777","±12,922","8.8%","±0.2","297,944","±8,582","7.5%","±0.2","414,833","±10,663","9.9%","±0.3","813,094","±15,023","8.9%","±0.2","361,459","±10,278","8.1%","±0.2","451,635","±9,304","9.6%","±0.2","455,882","±9,235","11.2%","±0.2","215,921","±6,267","10.6%","±0.3","239,961","±6,550","11.6%","±0.3"
"        Bachelor's degree","1,177,891","±16,028","28.8%","±0.4","584,068","±12,712","28.4%","±0.6","593,823","±10,165","29.3%","±0.5","3,445,343","±30,030","21.4%","±0.2","1,628,657","±20,408","20.8%","±0.3","1,816,686","±22,813","21.9%","±0.3","1,519,625","±22,167","20.7%","±0.3","715,408","±13,666","20.5%","±0.4","804,217","±13,965","21.0%","±0.4","463,740","±8,923","21.5%","±0.4","216,792","±6,099","20.2%","±0.6","246,948","±6,955","22.7%","±0.6","525,044","±12,490","17.0%","±0.4","235,881","±8,398","15.9%","±0.6","289,163","±8,981","17.9%","±0.6","1,361,139","±17,234","19.5%","±0.2","647,193","±11,089","19.0%","±0.3","713,946","±11,725","20.0%","±0.3","246,178","±7,957","16.9%","±0.6","108,976","±5,330","15.3%","±0.8","137,202","±5,899","18.5%","±0.8","1,578,535","±18,163","19.4%","±0.2","747,717","±14,507","18.9%","±0.4","830,818","±12,258","19.9%","±0.3","1,899,494","±21,293","20.8%","±0.2","927,400","±15,556","20.8%","±0.3","972,094","±14,629","20.7%","±0.3","885,548","±11,612","21.7%","±0.3","412,005","±7,618","20.3%","±0.4","473,543","±8,507","23.0%","±0.4"
"        Graduate or professional degree","697,241","±14,357","17.1%","±0.4","332,860","±9,243","16.2%","±0.4","364,381","±9,880","18.0%","±0.5","2,073,075","±25,429","12.9%","±0.2","1,003,153","±16,166","12.8%","±0.2","1,069,922","±17,038","12.9%","±0.2","1,024,489","±20,102","14.0%","±0.3","449,785","±11,041","12.9%","±0.3","574,704","±14,061","15.0%","±0.4","234,066","±6,335","10.8%","±0.3","108,586","±4,654","10.1%","±0.4","125,480","±4,346","11.5%","±0.4","315,062","±11,524","10.2%","±0.4","129,082","±6,849","8.7%","±0.5","185,980","±7,134","11.5%","±0.4","880,713","±13,191","12.6%","±0.2","417,218","±8,024","12.2%","±0.2","463,495","±9,430","13.0%","±0.3","196,419","±7,066","13.5%","±0.5","89,459","±4,227","12.6%","±0.6","106,960","±5,255","14.4%","±0.7","1,021,844","±15,964","12.6%","±0.2","463,924","±9,917","11.7%","±0.3","557,920","±11,842","13.4%","±0.3","1,310,199","±19,614","14.3%","±0.2","589,246","±11,596","13.2%","±0.3","720,953","±13,081","15.4%","±0.3","472,873","±9,954","11.6%","±0.2","216,819","±6,180","10.7%","±0.3","256,054","±6,631","12.4%","±0.3"
"        High school graduate or higher","3,799,436","±12,008","93.0%","±0.3","1,906,374","±8,150","92.7%","±0.4","1,893,062","±7,462","93.4%","±0.4","14,481,480","±26,962","89.9%","±0.2","6,964,046","±18,895","89.2%","±0.2","7,517,434","±17,174","90.6%","±0.2","6,564,044","±20,275","89.5%","±0.2","3,095,046","±12,578","88.6%","±0.3","3,468,998","±12,858","90.4%","±0.3","2,018,490","±7,254","93.5%","±0.3","992,712","±5,047","92.7%","±0.4","1,025,778","±4,608","94.2%","±0.3","2,702,838","±13,725","87.3%","±0.4","1,263,583","±9,172","85.4%","±0.6","1,439,255","±8,927","89.0%","±0.5","6,409,230","±11,976","91.8%","±0.2","3,113,172","±8,130","91.2%","±0.2","3,296,058","±7,701","92.5%","±0.2","1,278,828","±8,769","88.0%","±0.6","618,348","±6,314","87.0%","±0.8","660,480","±6,036","89.0%","±0.7","7,460,496","±20,961","91.8%","±0.2","3,602,372","±12,339","91.1%","±0.3","3,858,124","±12,726","92.4%","±0.3","8,436,634","±16,777","92.2%","±0.2","4,091,014","±11,467","91.8%","±0.2","4,345,620","±10,606","92.5%","±0.2","3,822,003","±8,878","93.5%","±0.2","1,875,998","±4,958","92.5%","±0.2","1,946,005","±6,466","94.4%","±0.3"
"        Bachelor's degree or higher","1,875,132","±19,057","45.9%","±0.5","916,928","±12,340","44.6%","±0.6","958,204","±12,698","47.3%","±0.6","5,518,418","±36,296","34.3%","±0.2","2,631,810","±24,589","33.7%","±0.3","2,886,608","±24,339","34.8%","±0.3","2,544,114","±28,686","34.7%","±0.4","1,165,193","±14,876","33.3%","±0.4","1,378,921","±18,788","35.9%","±0.5","697,806","±11,101","32.3%","±0.5","325,378","±7,193","30.4%","±0.7","372,428","±7,921","34.2%","±0.7","840,106","±17,222","27.1%","±0.6","364,963","±11,272","24.7%","±0.8","475,143","±10,484","29.4%","±0.7","2,241,852","±20,015","32.1%","±0.3","1,064,411","±11,938","31.2%","±0.3","1,177,441","±13,753","33.0%","±0.4","442,597","±9,778","30.5%","±0.7","198,435","±6,401","27.9%","±0.9","244,162","±6,913","32.9%","±0.9","2,600,379","±22,243","32.0%","±0.3","1,211,641","±15,028","30.6%","±0.4","1,388,738","±13,858","33.3%","±0.3","3,209,693","±26,991","35.1%","±0.3","1,516,646","±16,314","34.0%","±0.4","1,693,047","±17,667","36.1%","±0.4","1,358,421","±14,016","33.2%","±0.3","628,824","±9,175","31.0%","±0.5","729,597","±10,125","35.4%","±0.5"
"    Population 25 to 34 years","915,942","±4,714","(X)","(X)","480,328","±3,323","(X)","(X)","435,614","±3,006","(X)","(X)","2,783,761","±7,985","(X)","(X)","1,420,353","±5,661","(X)","(X)","1,363,408","±4,824","(X)","(X)","1,483,997","±11,087","(X)","(X)","732,727","±8,384","(X)","(X)","751,270","±6,093","(X)","(X)","401,666","±5,268","(X)","(X)","207,773","±3,381","(X)","(X)","193,893","±3,270","(X)","(X)","592,066","±7,620","(X)","(X)","294,145","±5,253","(X)","(X)","297,921","±3,967","(X)","(X)","1,315,373","±6,005","(X)","(X)","674,916","±3,356","(X)","(X)","640,457","±4,091","(X)","(X)","274,314","±5,957","(X)","(X)","141,617","±3,889","(X)","(X)","132,697","±3,863","(X)","(X)","1,539,071","±6,802","(X)","(X)","782,883","±4,512","(X)","(X)","756,188","±4,154","(X)","(X)","1,677,321","±5,851","(X)","(X)","856,490","±4,233","(X)","(X)","820,831","±3,461","(X)","(X)","733,729","±4,382","(X)","(X)","376,605","±3,541","(X)","(X)","357,124","±2,659","(X)","(X)"
"        High school graduate or higher","867,474","±6,493","94.7%","±0.5","451,471","±4,333","94.0%","±0.6","416,003","±3,897","95.5%","±0.6","2,556,448","±12,763","91.8%","±0.4","1,279,162","±9,621","90.1%","±0.5","1,277,286","±6,749","93.7%","±0.5","1,364,671","±13,299","92.0%","±0.5","662,067","±9,338","90.4%","±0.6","702,604","±8,059","93.5%","±0.7","376,339","±5,464","93.7%","±0.6","192,973","±3,708","92.9%","±0.9","183,366","±3,299","94.6%","±0.8","539,647","±7,229","91.1%","±0.8","260,824","±5,213","88.7%","±1.1","278,823","±4,171","93.6%","±1.0","1,217,550","±7,349","92.6%","±0.5","618,949","±4,660","91.7%","±0.6","598,601","±4,728","93.5%","±0.6","252,214","±6,150","91.9%","±1.1","128,077","±4,321","90.4%","±1.7","124,137","±4,034","93.5%","±1.4","1,437,537","±9,092","93.4%","±0.4","723,608","±6,247","92.4%","±0.6","713,929","±5,131","94.4%","±0.5","1,579,256","±7,755","94.2%","±0.3","801,621","±5,542","93.6%","±0.5","777,635","±4,904","94.7%","±0.5","695,156","±4,774","94.7%","±0.4","354,169","±3,776","94.0%","±0.6","340,987","±2,819","95.5%","±0.6"
"        Bachelor's degree or higher","455,316","±11,475","49.7%","±1.2","218,280","±6,961","45.4%","±1.5","237,036","±7,128","54.4%","±1.6","1,024,580","±18,845","36.8%","±0.7","454,440","±10,897","32.0%","±0.7","570,140","±14,411","41.8%","±1.1","556,176","±12,454","37.5%","±0.8","244,230","±7,316","33.3%","±1.0","311,946","±8,238","41.5%","±1.1","146,987","±6,394","36.6%","±1.5","67,573","±3,985","32.5%","±1.8","79,414","±3,886","41.0%","±2.0","182,181","±6,969","30.8%","±1.2","75,377","±4,650","25.6%","±1.6","106,804","±4,738","35.8%","±1.6","473,517","±9,905","36.0%","±0.8","220,341","±6,225","32.6%","±0.9","253,176","±6,729","39.5%","±1.1","75,068","±5,212","27.4%","±1.9","33,618","±3,240","23.7%","±2.3","41,450","±3,370","31.2%","±2.4","564,908","±11,993","36.7%","±0.7","250,813","±7,466","32.0%","±0.9","314,095","±8,257","41.5%","±1.0","710,126","±12,859","42.3%","±0.8","319,294","±7,908","37.3%","±0.9","390,832","±8,171","47.6%","±1.0","283,445","±7,343","38.6%","±1.0","127,713","±4,517","33.9%","±1.2","155,732","±4,913","43.6%","±1.4"
"    Population 35 to 44 years","860,355","±4,634","(X)","(X)","450,035","±3,179","(X)","(X)","410,320","±2,952","(X)","(X)","2,799,499","±6,031","(X)","(X)","1,410,659","±4,586","(X)","(X)","1,388,840","±4,290","(X)","(X)","1,469,050","±9,322","(X)","(X)","716,971","±7,259","(X)","(X)","752,079","±5,398","(X)","(X)","405,073","±3,984","(X)","(X)","206,694","±2,447","(X)","(X)","198,379","±2,729","(X)","(X)","611,300","±7,460","(X)","(X)","298,672","±4,951","(X)","(X)","312,628","±4,724","(X)","(X)","1,219,208","±4,493","(X)","(X)","615,653","±3,276","(X)","(X)","603,555","±2,529","(X)","(X)","275,394","±5,656","(X)","(X)","138,834","±3,307","(X)","(X)","136,560","±3,948","(X)","(X)","1,475,428","±6,917","(X)","(X)","743,144","±4,784","(X)","(X)","732,284","±4,151","(X)","(X)","1,623,572","±4,694","(X)","(X)","824,078","±3,700","(X)","(X)","799,494","±2,985","(X)","(X)","742,993","±4,214","(X)","(X)","380,344","±2,763","(X)","(X)","362,649","±2,852","(X)","(X)"
"        High school graduate or higher","792,774","±6,591","92.1%","±0.6","411,384","±4,414","91.4%","±0.8","381,390","±3,929","92.9%","±0.7","2,528,694","±13,476","90.3%","±0.4","1,252,205","±9,109","88.8%","±0.6","1,276,489","±8,373","91.9%","±0.5","1,306,503","±9,594","88.9%","±0.5","625,538","±7,465","87.2%","±0.7","680,965","±6,439","90.5%","±0.7","376,887","±4,422","93.0%","±0.7","190,621","±2,675","92.2%","±1.1","186,266","±3,121","93.9%","±0.9","539,909","±8,688","88.3%","±0.9","256,544","±6,674","85.9%","±1.5","283,365","±4,969","90.6%","±1.0","1,123,829","±6,510","92.2%","±0.4","560,627","±4,840","91.1%","±0.6","563,202","±3,676","93.3%","±0.4","244,187","±6,430","88.7%","±1.2","121,249","±3,989","87.3%","±1.7","122,938","±4,282","90.0%","±1.7","1,358,243","±9,604","92.1%","±0.5","675,583","±5,813","90.9%","±0.6","682,660","±6,112","93.2%","±0.6","1,513,298","±8,556","93.2%","±0.4","762,900","±5,871","92.6%","±0.5","750,398","±5,581","93.9%","±0.5","697,716","±5,278","93.9%","±0.5","351,958","±3,369","92.5%","±0.6","345,758","±3,219","95.3%","±0.6"
"        Bachelor's degree or higher","425,135","±7,654","49.4%","±0.9","204,878","±6,065","45.5%","±1.4","220,257","±4,533","53.7%","±1.0","1,053,736","±15,330","37.6%","±0.6","479,385","±10,697","34.0%","±0.8","574,351","±12,057","41.4%","±0.9","569,020","±12,837","38.7%","±0.9","246,648","±7,136","34.4%","±1.0","322,372","±9,286","42.9%","±1.2","159,885","±5,645","39.5%","±1.4","71,200","±3,882","34.4%","±1.8","88,685","±3,608","44.7%","±1.8","194,091","±7,094","31.8%","±1.2","80,294","±4,699","26.9%","±1.5","113,797","±4,865","36.4%","±1.6","451,435","±9,121","37.0%","±0.7","206,582","±5,937","33.6%","±0.9","244,853","±6,006","40.6%","±1.0","88,491","±4,702","32.1%","±1.6","36,759","±3,184","26.5%","±2.3","51,732","±3,426","37.9%","±2.3","563,721","±11,152","38.2%","±0.7","250,253","±7,644","33.7%","±1.0","313,468","±6,165","42.8%","±0.8","701,061","±13,346","43.2%","±0.8","321,189","±8,288","39.0%","±1.0","379,872","±7,958","47.5%","±1.0","291,421","±7,610","39.2%","±1.0","127,407","±4,945","33.5%","±1.3","164,014","±5,303","45.2%","±1.4"
"    Population 45 to 64 years","1,392,046","±5,215","(X)","(X)","705,303","±4,114","(X)","(X)","686,743","±3,034","(X)","(X)","5,726,736","±7,496","(X)","(X)","2,818,026","±5,653","(X)","(X)","2,908,710","±4,380","(X)","(X)","2,735,658","±9,664","(X)","(X)","1,325,890","±6,593","(X)","(X)","1,409,768","±7,200","(X)","(X)","763,893","±4,362","(X)","(X)","387,476","±3,159","(X)","(X)","376,417","±2,678","(X)","(X)","1,112,694","±7,635","(X)","(X)","540,639","±4,899","(X)","(X)","572,055","±4,259","(X)","(X)","2,566,809","±4,847","(X)","(X)","1,274,882","±3,205","(X)","(X)","1,291,927","±3,181","(X)","(X)","498,637","±5,919","(X)","(X)","244,597","±3,261","(X)","(X)","254,040","±4,234","(X)","(X)","2,947,765","±5,774","(X)","(X)","1,461,741","±4,477","(X)","(X)","1,486,024","±3,673","(X)","(X)","3,311,797","±6,098","(X)","(X)","1,645,850","±4,526","(X)","(X)","1,665,947","±3,707","(X)","(X)","1,509,392","±4,416","(X)","(X)","760,499","±3,280","(X)","(X)","748,893","±3,059","(X)","(X)"
"        High school graduate or higher","1,280,829","±7,957","92.0%","±0.5","646,044","±5,289","91.6%","±0.6","634,785","±4,717","92.4%","±0.6","5,161,026","±16,851","90.1%","±0.3","2,500,301","±12,142","88.7%","±0.4","2,660,725","±11,084","91.5%","±0.3","2,466,192","±14,360","90.1%","±0.4","1,180,021","±9,812","89.0%","±0.6","1,286,171","±9,051","91.2%","±0.5","714,403","±4,607","93.5%","±0.4","360,070","±3,509","92.9%","±0.6","354,333","±2,716","94.1%","±0.5","960,398","±10,522","86.3%","±0.7","452,275","±6,797","83.7%","±0.9","508,123","±6,338","88.8%","±0.9","2,366,807","±7,889","92.2%","±0.3","1,163,922","±5,920","91.3%","±0.4","1,202,885","±4,803","93.1%","±0.3","428,186","±6,781","85.9%","±1.0","205,804","±4,103","84.1%","±1.3","222,382","±4,498","87.5%","±1.2","2,712,139","±9,006","92.0%","±0.3","1,333,345","±6,877","91.2%","±0.4","1,378,794","±5,972","92.8%","±0.3","3,058,936","±9,273","92.4%","±0.2","1,506,238","±6,986","91.5%","±0.4","1,552,698","±6,670","93.2%","±0.3","1,406,799","±6,634","93.2%","±0.3","699,770","±4,365","92.0%","±0.4","707,029","±4,095","94.4%","±0.4"
"        Bachelor's degree or higher","612,473","±10,000","44.0%","±0.7","297,772","±7,413","42.2%","±1.0","314,701","±5,727","45.8%","±0.8","1,898,957","±21,429","33.2%","±0.4","887,681","±14,995","31.5%","±0.5","1,011,276","±14,471","34.8%","±0.5","939,825","±15,454","34.4%","±0.5","435,053","±10,243","32.8%","±0.7","504,772","±9,128","35.8%","±0.6","236,387","±6,568","30.9%","±0.9","109,127","±4,211","28.2%","±1.1","127,260","±4,522","33.8%","±1.2","278,323","±9,660","25.0%","±0.9","115,948","±6,064","21.4%","±1.1","162,375","±5,842","28.4%","±1.1","807,646","±12,484","31.5%","±0.5","381,150","±8,051","29.9%","±0.6","426,496","±8,939","33.0%","±0.7","151,208","±5,447","30.3%","±1.1","65,616","±3,976","26.8%","±1.6","85,592","±3,892","33.7%","±1.5","914,075","±13,006","31.0%","±0.4","427,009","±9,740","29.2%","±0.6","487,066","±8,545","32.8%","±0.6","1,105,151","±14,599","33.4%","±0.4","524,730","±9,998","31.9%","±0.6","580,421","±10,044","34.8%","±0.6","481,242","±7,914","31.9%","±0.5","223,692","±5,763","29.4%","±0.7","257,550","±5,296","34.4%","±0.7"
"    Population 65 years and over","915,661","±2,554","(X)","(X)","420,930","±1,514","(X)","(X)","494,731","±1,758","(X)","(X)","4,794,414","±4,352","(X)","(X)","2,162,557","±3,457","(X)","(X)","2,631,857","±2,790","(X)","(X)","1,644,275","±4,194","(X)","(X)","719,637","±2,799","(X)","(X)","924,638","±2,790","(X)","(X)","588,879","±2,369","(X)","(X)","268,696","±1,575","(X)","(X)","320,183","±1,499","(X)","(X)","780,061","±2,815","(X)","(X)","346,105","±1,868","(X)","(X)","433,956","±2,070","(X)","(X)","1,877,562","±2,902","(X)","(X)","849,192","±2,119","(X)","(X)","1,028,370","±1,681","(X)","(X)","404,784","±2,590","(X)","(X)","185,708","±1,645","(X)","(X)","219,076","±1,773","(X)","(X)","2,168,665","±3,293","(X)","(X)","967,277","±2,235","(X)","(X)","1,201,388","±1,955","(X)","(X)","2,539,054","±2,855","(X)","(X)","1,129,456","±2,286","(X)","(X)","1,409,598","±2,075","(X)","(X)","1,102,386","±2,487","(X)","(X)","510,482","±1,564","(X)","(X)","591,904","±2,033","(X)","(X)"
"        High school graduate or higher","858,359","±3,904","93.7%","±0.4","397,475","±2,868","94.4%","±0.6","460,884","±2,663","93.2%","±0.5","4,235,312","±13,542","88.3%","±0.3","1,932,378","±9,307","89.4%","±0.4","2,302,934","±8,717","87.5%","±0.3","1,426,678","±7,433","86.8%","±0.4","627,420","±4,358","87.2%","±0.6","799,258","±5,161","86.4%","±0.5","550,861","±3,105","93.5%","±0.4","249,048","±2,250","92.7%","±0.7","301,813","±2,241","94.3%","±0.5","662,884","±5,865","85.0%","±0.7","293,940","±3,574","84.9%","±1.0","368,944","±4,368","85.0%","±0.9","1,701,044","±6,837","90.6%","±0.3","769,674","±4,304","90.6%","±0.4","931,370","±4,121","90.6%","±0.4","354,241","±3,702","87.5%","±0.9","163,218","±2,563","87.9%","±1.1","191,023","±2,496","87.2%","±1.2","1,952,577","±9,100","90.0%","±0.4","869,836","±5,389","89.9%","±0.5","1,082,741","±6,177","90.1%","±0.5","2,285,144","±8,548","90.0%","±0.3","1,020,255","±5,455","90.3%","±0.4","1,264,889","±5,130","89.7%","±0.4","1,022,332","±3,751","92.7%","±0.3","470,101","±2,496","92.1%","±0.4","552,231","±2,894","93.3%","±0.4"
"        Bachelor's degree or higher","382,208","±7,067","41.7%","±0.8","195,998","±4,532","46.6%","±1.1","186,210","±4,303","37.6%","±0.9","1,541,145","±19,092","32.1%","±0.4","810,304","±11,984","37.5%","±0.6","730,841","±12,235","27.8%","±0.5","479,093","±9,493","29.1%","±0.6","239,262","±5,753","33.2%","±0.8","239,831","±6,351","25.9%","±0.7","154,547","±4,557","26.2%","±0.8","77,478","±3,016","28.8%","±1.1","77,069","±3,128","24.1%","±1.0","185,511","±6,018","23.8%","±0.8","93,344","±3,948","27.0%","±1.2","92,167","±3,898","21.2%","±0.9","509,254","±9,350","27.1%","±0.5","256,338","±5,965","30.2%","±0.7","252,916","±5,818","24.6%","±0.6","127,830","±4,345","31.6%","±1.1","62,442","±2,967","33.6%","±1.6","65,388","±2,879","29.8%","±1.3","557,675","±10,613","25.7%","±0.5","283,566","±6,785","29.3%","±0.7","274,109","±6,680","22.8%","±0.6","693,355","±9,448","27.3%","±0.4","351,433","±5,828","31.1%","±0.5","341,922","±6,854","24.3%","±0.5","302,313","±5,828","27.4%","±0.5","150,012","±3,804","29.4%","±0.7","152,301","±4,622","25.7%","±0.8"
"RACE AND HISPANIC OR LATINO ORIGIN BY EDUCATIONAL ATTAINMENT","","","","","","","","","","","","","","","","","","","","","","","","","","","","","","","","","","","","","","","","","","","","","","","","","","","","","","","","","","","","","","","","","","","","","","","","","","","","","","","","","","","","","","","","","","","","","","","","","","","","","","","","","","","","","","","","","","","","","","","",""
"    White alone","3,025,156","±9,872","(X)","(X)","1,520,170","±6,561","(X)","(X)","1,504,986","±6,217","(X)","(X)","9,572,436","±24,810","(X)","(X)","4,667,298","±15,959","(X)","(X)","4,905,138","±13,040","(X)","(X)","4,006,021","±8,663","(X)","(X)","1,954,326","±5,546","(X)","(X)","2,051,695","±5,410","(X)","(X)","1,886,205","±3,807","(X)","(X)","929,470","±2,445","(X)","(X)","956,735","±2,438","(X)","(X)","1,890,996","±5,447","(X)","(X)","922,756","±3,548","(X)","(X)","968,240","±3,296","(X)","(X)","5,372,861","±8,324","(X)","(X)","2,648,509","±4,764","(X)","(X)","2,724,352","±5,385","(X)","(X)","729,473","±9,228","(X)","(X)","353,576","±5,505","(X)","(X)","375,897","±5,968","(X)","(X)","6,512,175","±8,312","(X)","(X)","3,180,970","±5,213","(X)","(X)","3,331,205","±5,045","(X)","(X)","7,135,206","±10,919","(X)","(X)","3,485,426","±5,993","(X)","(X)","3,649,780","±6,604","(X)","(X)","3,444,012","±5,042","(X)","(X)","1,711,277","±3,211","(X)","(X)","1,732,735","±2,852","(X)","(X)"
"        High school graduate or higher","2,917,618","±10,945","96.4%","±0.2","1,460,232","±7,535","96.1%","±0.3","1,457,386","±6,689","96.8%","±0.2","8,958,164","±29,066","93.6%","±0.2","4,339,149","±18,326","93.0%","±0.2","4,619,015","±15,067","94.2%","±0.2","3,691,725","±14,360","92.2%","±0.3","1,784,735","±9,399","91.3%","±0.4","1,906,990","±8,254","92.9%","±0.4","1,798,537","±6,129","95.4%","±0.2","880,355","±3,962","94.7%","±0.3","918,182","±3,618","96.0%","±0.3","1,717,438","±9,529","90.8%","±0.4","824,714","±6,700","89.4%","±0.6","892,724","±5,717","92.2%","±0.5","5,021,447","±12,979","93.5%","±0.2","2,459,760","±8,637","92.9%","±0.3","2,561,687","±7,449","94.0%","±0.2","685,693","±9,028","94.0%","±0.6","331,876","±5,672","93.9%","±0.7","353,817","±5,808","94.1%","±0.8","6,071,743","±15,317","93.2%","±0.2","2,946,788","±9,842","92.6%","±0.3","3,124,955","±8,281","93.8%","±0.2","6,703,764","±14,498","94.0%","±0.1","3,260,912","±9,205","93.6%","±0.2","3,442,852","±9,432","94.3%","±0.2","3,283,634","±6,683","95.3%","±0.2","1,618,448","±4,656","94.6%","±0.2","1,665,186","±4,266","96.1%","±0.2"
"        Bachelor's degree or higher","1,541,184","±16,204","50.9%","±0.5","757,308","±11,447","49.8%","±0.7","783,876","±9,744","52.1%","±0.6","3,604,728","±27,766","37.7%","±0.3","1,772,277","±19,457","38.0%","±0.4","1,832,451","±19,052","37.4%","±0.4","1,526,152","±19,749","38.1%","±0.5","740,294","±10,887","37.9%","±0.5","785,858","±13,215","38.3%","±0.6","624,538","±9,754","33.1%","±0.5","288,768","±6,559","31.1%","±0.7","335,770","±6,307","35.1%","±0.7","589,986","±13,208","31.2%","±0.7","271,194","±8,550","29.4%","±0.9","318,792","±7,921","32.9%","±0.8","1,798,748","±17,350","33.5%","±0.3","865,686","±11,301","32.7%","±0.4","933,062","±11,372","34.2%","±0.4","290,687","±7,100","39.8%","±1.0","135,071","±4,167","38.2%","±1.2","155,616","±5,610","41.4%","±1.6","2,161,646","±19,056","33.2%","±0.3","1,019,408","±13,474","32.0%","±0.4","1,142,238","±12,018","34.3%","±0.4","2,614,289","±22,070","36.6%","±0.3","1,248,706","±13,425","35.8%","±0.4","1,365,583","±13,656","37.4%","±0.4","1,194,971","±12,694","34.7%","±0.4","555,491","±8,658","32.5%","±0.5","639,480","±8,539","36.9%","±0.5"
"    White alone, not Hispanic or Latino","2,851,922","±5,397","(X)","(X)","1,433,920","±3,515","(X)","(X)","1,418,002","±3,573","(X)","(X)","8,843,669","±12,248","(X)","(X)","4,313,501","±7,058","(X)","(X)","4,530,168","±7,452","(X)","(X)","3,914,775","±5,816","(X)","(X)","1,906,126","±3,733","(X)","(X)","2,008,649","±3,713","(X)","(X)","1,862,091","±2,599","(X)","(X)","916,625","±1,894","(X)","(X)","945,466","±1,672","(X)","(X)","1,867,010","±4,915","(X)","(X)","909,947","±3,130","(X)","(X)","957,063","±2,974","(X)","(X)","5,307,355","±6,031","(X)","(X)","2,616,925","±3,617","(X)","(X)","2,690,430","±3,861","(X)","(X)","587,212","±3,895","(X)","(X)","287,937","±2,329","(X)","(X)","299,275","±2,463","(X)","(X)","6,454,770","±7,481","(X)","(X)","3,150,546","±4,427","(X)","(X)","3,304,224","±4,207","(X)","(X)","7,048,689","±8,164","(X)","(X)","3,442,045","±4,494","(X)","(X)","3,606,644","±4,797","(X)","(X)","3,405,337","±3,666","(X)","(X)","1,691,787","±2,580","(X)","(X)","1,713,550","±1,805","(X)","(X)"
"        High school graduate or higher","2,773,022","±7,745","97.2%","±0.2","1,389,928","±5,827","96.9%","±0.3","1,383,094","±4,001","97.5%","±0.2","8,346,355","±18,452","94.4%","±0.2","4,045,915","±12,254","93.8%","±0.2","4,300,440","±10,696","94.9%","±0.2","3,621,953","±13,098","92.5%","±0.3","1,749,394","±8,411","91.8%","±0.4","1,872,559","±7,539","93.2%","±0.3","1,779,487","±5,108","95.6%","±0.2","870,531","±3,303","95.0%","±0.3","908,956","±3,105","96.1%","±0.3","1,698,763","±9,101","91.0%","±0.4","815,045","±6,427","89.6%","±0.6","883,718","±5,303","92.3%","±0.5","4,966,652","±11,959","93.6%","±0.2","2,433,796","±8,625","93.0%","±0.3","2,532,856","±6,824","94.1%","±0.2","561,734","±4,266","95.7%","±0.5","275,260","±2,762","95.6%","±0.6","286,474","±3,025","95.7%","±0.8","6,022,119","±14,383","93.3%","±0.2","2,921,111","±9,368","92.7%","±0.3","3,101,008","±7,773","93.8%","±0.2","6,632,341","±13,344","94.1%","±0.1","3,225,340","±8,520","93.7%","±0.2","3,407,001","±8,430","94.5%","±0.2","3,249,590","±6,447","95.4%","±0.2","1,601,333","±4,601","94.7%","±0.2","1,648,257","±3,768","96.2%","±0.2"
"        Bachelor's degree or higher","1,497,765","±15,616","52.5%","±0.6","738,816","±10,948","51.5%","±0.8","758,949","±9,347","53.5%","±0.7","3,373,688","±27,714","38.1%","±0.3","1,672,374","±18,179","38.8%","±0.4","1,701,314","±19,244","37.6%","±0.4","1,500,382","±19,191","38.3%","±0.5","727,468","±10,053","38.2%","±0.5","772,914","±13,129","38.5%","±0.7","619,891","±9,453","33.3%","±0.5","286,291","±6,400","31.2%","±0.7","333,600","±6,261","35.3%","±0.7","583,712","±13,302","31.3%","±0.7","267,671","±8,486","29.4%","±0.9","316,041","±8,023","33.0%","±0.8","1,782,286","±17,283","33.6%","±0.3","858,278","±11,256","32.8%","±0.4","924,008","±11,193","34.3%","±0.4","258,187","±6,530","44.0%","±1.1","123,294","±3,909","42.8%","±1.4","134,893","±4,841","45.1%","±1.5","2,145,995","±18,717","33.2%","±0.3","1,012,053","±13,064","32.1%","±0.4","1,133,942","±12,092","34.3%","±0.4","2,590,650","±21,582","36.8%","±0.3","1,238,998","±13,294","36.0%","±0.4","1,351,652","±13,196","37.5%","±0.4","1,184,411","±12,490","34.8%","±0.4","550,725","±8,478","32.6%","±0.5","633,686","±8,374","37.0%","±0.5"
"    Black alone","153,229","±4,060","(X)","(X)","80,329","±3,094","(X)","(X)","72,900","±2,488","(X)","(X)","2,181,928","±14,692","(X)","(X)","1,029,904","±9,369","(X)","(X)","1,152,024","±8,878","(X)","(X)","2,209,281","±12,568","(X)","(X)","994,508","±7,502","(X)","(X)","1,214,773","±7,729","(X)","(X)","66,842","±2,591","(X)","(X)","36,225","±1,860","(X)","(X)","30,617","±2,000","(X)","(X)","901,235","±6,960","(X)","(X)","403,636","±4,730","(X)","(X)","497,599","±3,915","(X)","(X)","863,795","±6,259","(X)","(X)","398,035","±4,497","(X)","(X)","465,760","±4,281","(X)","(X)","29,543","±2,722","(X)","(X)","16,705","±1,666","(X)","(X)","12,838","±2,090","(X)","(X)","904,236","±8,046","(X)","(X)","419,593","±5,866","(X)","(X)","484,643","±5,476","(X)","(X)","889,844","±7,134","(X)","(X)","417,396","±4,521","(X)","(X)","472,448","±5,094","(X)","(X)","210,542","±2,947","(X)","(X)","99,039","±2,277","(X)","(X)","111,503","±2,205","(X)","(X)"
"        High school graduate or higher","137,886","±4,834","90.0%","±1.7","72,624","±3,302","90.4%","±2.0","65,262","±3,193","89.5%","±2.6","1,875,061","±18,955","85.9%","±0.6","871,999","±12,906","84.7%","±0.8","1,003,062","±10,513","87.1%","±0.7","1,987,771","±14,869","90.0%","±0.4","884,558","±9,054","88.9%","±0.6","1,103,213","±10,027","90.8%","±0.6","55,693","±2,922","83.3%","±3.1","30,586","±2,133","84.4%","±4.2","25,107","±2,087","82.0%","±4.0","743,930","±10,110","82.5%","±0.9","320,666","±6,333","79.4%","±1.3","423,264","±6,204","85.1%","±1.0","754,824","±7,446","87.4%","±0.7","340,116","±5,775","85.4%","±1.1","414,708","±4,995","89.0%","±0.9","27,795","±2,565","94.1%","±2.4","15,680","±1,732","93.9%","±3.0","12,115","±1,860","94.4%","±3.7","788,552","±12,049","87.2%","±0.9","360,615","±7,436","85.9%","±1.0","427,937","±8,522","88.3%","±1.1","800,417","±7,730","90.0%","±0.6","372,171","±5,829","89.2%","±0.9","428,246","±5,527","90.6%","±0.8","182,757","±3,714","86.8%","±1.2","83,540","±2,611","84.4%","±1.7","99,217","±2,700","89.0%","±1.6"
"        Bachelor's degree or higher","49,554","±4,246","32.3%","±2.6","25,915","±3,045","32.3%","±3.6","23,639","±2,981","32.4%","±3.8","508,033","±13,605","23.3%","±0.6","205,169","±10,199","19.9%","±1.0","302,864","±10,263","26.3%","±0.9","620,430","±15,923","28.1%","±0.7","234,281","±9,799","23.6%","±1.0","386,149","±10,698","31.8%","±0.9","10,295","±1,773","15.4%","±2.6","5,637","±1,215","15.6%","±3.4","4,658","±1,163","15.2%","±3.6","166,279","±9,044","18.5%","±1.0","55,314","±5,324","13.7%","±1.3","110,965","±5,820","22.3%","±1.2","161,307","±6,867","18.7%","±0.8","60,460","±4,170","15.2%","±1.0","100,847","±4,875","21.7%","±1.0","9,713","±1,868","32.9%","±5.9","5,136","±1,119","30.7%","±6.0","4,577","±1,448","35.7%","±9.8","189,921","±9,083","21.0%","±1.0","70,680","±5,938","16.8%","±1.4","119,241","±5,709","24.6%","±1.2","200,347","±9,827","22.5%","±1.1","78,805","±5,980","18.9%","±1.4","121,542","±6,243","25.7%","±1.3","32,406","±3,511","15.4%","±1.7","13,113","±1,973","13.2%","±1.9","19,293","±2,469","17.3%","±2.2"
"    American Indian or Alaska Native alone","43,839","±4,584","(X)","(X)","22,604","±2,818","(X)","(X)","21,235","±3,050","(X)","(X)","55,960","±5,928","(X)","(X)","32,004","±3,952","(X)","(X)","23,956","±3,248","(X)","(X)","28,963","±3,935","(X)","(X)","14,815","±2,631","(X)","(X)","14,148","±2,233","(X)","(X)","7,464","±1,558","(X)","(X)","4,317","±963","(X)","(X)","3,147","±891","(X)","(X)","19,688","±2,266","(X)","(X)","12,240","±1,847","(X)","(X)","7,448","±1,102","(X)","(X)","31,622","±2,909","(X)","(X)","15,658","±1,601","(X)","(X)","15,964","±1,913","(X)","(X)","121,418","±3,620","(X)","(X)","56,986","±2,612","(X)","(X)","64,432","±2,040","(X)","(X)","14,775","±2,049","(X)","(X)","8,204","±1,341","(X)","(X)","6,571","±1,235","(X)","(X)","19,549","±3,308","(X)","(X)","9,806","±2,027","(X)","(X)","9,743","±1,911","(X)","(X)","28,884","±2,234","(X)","(X)","14,933","±1,405","(X)","(X)","13,951","±1,443","(X)","(X)"
"        High school graduate or higher","36,085","±4,145","82.3%","±4.8","18,302","±2,595","81.0%","±5.7","17,783","±2,806","83.7%","±5.4","37,889","±4,251","67.7%","±4.6","20,495","±2,844","64.0%","±5.8","17,394","±2,537","72.6%","±5.7","18,336","±2,816","63.3%","±6.1","9,210","±1,910","62.2%","±7.9","9,126","±1,728","64.5%","±7.0","5,694","±1,300","76.3%","±9.9","3,247","±813","75.2%","±11.2","2,447","±773","77.8%","±10.8","12,901","±1,764","65.5%","±5.1","7,638","±1,387","62.4%","±6.5","5,263","±996","70.7%","±8.1","25,357","±2,464","80.2%","±4.3","11,770","±1,362","75.2%","±5.5","13,587","±1,674","85.1%","±5.6","102,447","±3,175","84.4%","±1.7","46,853","±2,678","82.2%","±2.7","55,594","±2,144","86.3%","±2.2","11,662","±1,849","78.9%","±5.6","6,593","±1,216","80.4%","±6.1","5,069","±1,123","77.1%","±8.9","14,749","±2,208","75.4%","±7.0","6,954","±1,495","70.9%","±10.3","7,795","±1,616","80.0%","±8.0","25,363","±2,152","87.8%","±2.5","13,150","±1,395","88.1%","±2.9","12,213","±1,407","87.5%","±3.6"
"        Bachelor's degree or higher","9,919","±1,627","22.6%","±3.3","5,263","±1,240","23.3%","±4.6","4,656","±1,212","21.9%","±5.1","9,796","±1,657","17.5%","±2.6","4,885","±1,065","15.3%","±3.1","4,911","±1,210","20.5%","±4.2","4,025","±1,095","13.9%","±3.4","1,410","±596","9.5%","±3.7","2,615","±879","18.5%","±5.0","917","±495","12.3%","±5.9","527","±289","12.2%","±6.2","390","±262","12.4%","±7.6","1,947","±736","9.9%","±3.3","694","±417","5.7%","±3.2","1,253","±536","16.8%","±6.5","4,144","±823","13.1%","±2.4","1,266","±422","8.1%","±2.6","2,878","±682","18.0%","±4.1","16,538","±2,024","13.6%","±1.6","5,291","±1,040","9.3%","±1.8","11,247","±1,731","17.5%","±2.6","2,073","±677","14.0%","±4.3","836","±407","10.2%","±4.8","1,237","±546","18.8%","±7.8","3,218","±1,052","16.5%","±5.0","1,236","±476","12.6%","±4.5","1,982","±765","20.3%","±7.2","4,690","±990","16.2%","±3.5","1,921","±628","12.9%","±4.4","2,769","±624","19.8%","±4.3"
"    Asian alone","138,000","±3,352","(X)","(X)","60,896","±2,504","(X)","(X)","77,104","±2,200","(X)","(X)","476,871","±6,332","(X)","(X)","213,203","±4,003","(X)","(X)","263,668","±4,108","(X)","(X)","338,739","±4,647","(X)","(X)","159,278","±3,059","(X)","(X)","179,461","±3,418","(X)","(X)","51,206","±2,483","(X)","(X)","25,024","±1,424","(X)","(X)","26,182","±1,905","(X)","(X)","58,780","±2,176","(X)","(X)","27,708","±1,658","(X)","(X)","31,072","±1,561","(X)","(X)","229,618","±3,063","(X)","(X)","111,246","±2,262","(X)","(X)","118,372","±2,183","(X)","(X)","27,673","±2,158","(X)","(X)","11,591","±1,540","(X)","(X)","16,082","±1,367","(X)","(X)","199,647","±4,248","(X)","(X)","96,035","±2,413","(X)","(X)","103,612","±2,898","(X)","(X)","336,572","±3,948","(X)","(X)","161,679","±2,601","(X)","(X)","174,893","±2,448","(X)","(X)","108,710","±2,896","(X)","(X)","51,807","±1,803","(X)","(X)","56,903","±2,226","(X)","(X)"
"        High school graduate or higher","122,513","±3,800","88.8%","±1.6","55,344","±2,923","90.9%","±2.2","67,169","±2,469","87.1%","±2.1","422,594","±7,075","88.6%","±0.8","191,467","±4,500","89.8%","±1.2","231,127","±4,667","87.7%","±1.0","294,688","±5,909","87.0%","±1.3","140,935","±4,076","88.5%","±1.7","153,753","±3,929","85.7%","±1.5","44,142","±2,765","86.2%","±2.7","21,802","±1,475","87.1%","±3.3","22,340","±2,116","85.3%","±3.5","48,018","±2,496","81.7%","±2.9","22,444","±1,860","81.0%","±4.1","25,574","±1,604","82.3%","±2.8","205,452","±4,020","89.5%","±1.3","102,023","±2,577","91.7%","±1.4","103,429","±2,921","87.4%","±1.7","24,741","±1,957","89.4%","±2.5","10,460","±1,477","90.2%","±3.6","14,281","±1,297","88.8%","±3.4","169,194","±5,091","84.7%","±1.7","82,581","±2,692","86.0%","±2.2","86,613","±3,325","83.6%","±1.8","283,800","±5,105","84.3%","±1.3","139,631","±2,975","86.4%","±1.6","144,169","±3,021","82.4%","±1.4","94,486","±3,607","86.9%","±2.0","45,469","±2,103","87.8%","±2.3","49,017","±2,696","86.1%","±2.6"
"        Bachelor's degree or higher","79,405","±3,913","57.5%","±2.7","36,602","±2,423","60.1%","±3.4","42,803","±2,767","55.5%","±3.2","256,377","±8,299","53.8%","±1.6","119,741","±5,204","56.2%","±2.1","136,636","±5,575","51.8%","±1.9","194,956","±6,289","57.6%","±1.5","99,727","±3,898","62.6%","±1.9","95,229","±3,972","53.1%","±1.9","29,488","±3,459","57.6%","±5.3","14,603","±1,704","58.4%","±6.2","14,885","±2,402","56.9%","±6.4","28,846","±2,778","49.1%","±4.4","14,450","±1,832","52.2%","±5.5","14,396","±1,817","46.3%","±5.0","146,363","±4,602","63.7%","±1.9","76,555","±2,755","68.8%","±2.2","69,808","±2,862","59.0%","±2.4","15,183","±1,466","54.9%","±4.9","6,645","±923","57.3%","±7.6","8,538","±1,079","53.1%","±5.5","117,367","±5,841","58.8%","±2.6","59,602","±3,495","62.1%","±3.3","57,765","±3,389","55.8%","±2.8","192,978","±5,277","57.3%","±1.6","97,953","±3,439","60.6%","±2.0","95,025","±3,531","54.3%","±2.0","57,310","±3,299","52.7%","±2.8","28,602","±1,885","55.2%","±3.3","28,708","±2,047","50.5%","±3.5"
"    Native Hawaiian and Other Pacific Islander alone","5,111","±1,333","(X)","(X)","3,295","±1,186","(X)","(X)","1,816","±655","(X)","(X)","8,168","±1,602","(X)","(X)","5,514","±1,435","(X)","(X)","2,654","±922","(X)","(X)","5,283","±1,528","(X)","(X)","2,372","±989","(X)","(X)","2,911","±1,008","(X)","(X)","3,856","±1,247","(X)","(X)","2,406","±844","(X)","(X)","1,450","±594","(X)","(X)","N","N","(X)","(X)","N","N","(X)","(X)","N","N","(X)","(X)","N","N","(X)","(X)","N","N","(X)","(X)","N","N","(X)","(X)","N","N","(X)","(X)","N","N","(X)","(X)","N","N","(X)","(X)","2,857","±1,000","(X)","(X)","1,177","±596","(X)","(X)","1,680","±744","(X)","(X)","2,021","±777","(X)","(X)","956","±507","(X)","(X)","1,065","±512","(X)","(X)","1,659","±841","(X)","(X)","909","±588","(X)","(X)","750","±430","(X)","(X)"
"        High school graduate or higher","5,031","±1,360","98.4%","±3.1","3,216","±1,206","97.6%","±5.0","1,815","±655","99.9%","±0.2","7,196","±1,481","88.1%","±7.7","4,809","±1,359","87.2%","±10.9","2,387","±868","89.9%","±10.3","4,290","±1,347","81.2%","±10.1","1,959","±897","82.6%","±18.2","2,331","±909","80.1%","±12.7","1,835","±807","47.6%","±14.9","894","±483","37.2%","±16.9","941","±523","64.9%","±24.3","N","N","N","N","N","N","N","N","N","N","N","N","N","N","N","N","N","N","N","N","N","N","N","N","N","N","N","N","N","N","N","N","N","N","N","N","2,755","±982","96.4%","±4.0","1,130","±601","96.0%","±8.5","1,625","±707","96.7%","±3.8","1,680","±748","83.1%","±16.4","906","±499","94.8%","±9.4","774","±371","72.7%","±23.4","1,659","±841","100.0%","±6.1","909","±588","100.0%","±10.9","750","±430","100.0%","±13.0"
"        Bachelor's degree or higher","2,041","±975","39.9%","±13.3","1,569","±952","47.6%","±19.5","472","±310","26.0%","±16.3","1,768","±662","21.6%","±7.6","1,309","±568","23.7%","±9.8","459","±409","17.3%","±13.2","865","±507","16.4%","±9.1","633","±433","26.7%","±16.3","232","±246","8.0%","±8.1","270","±277","7.0%","±7.4","123","±190","5.1%","±8.2","147","±194","10.1%","±14.7","N","N","N","N","N","N","N","N","N","N","N","N","N","N","N","N","N","N","N","N","N","N","N","N","N","N","N","N","N","N","N","N","N","N","N","N","502","±487","17.6%","±16.1","502","±487","42.7%","±28.7","0","±208","0.0%","±10.2","765","±467","37.9%","±16.2","514","±384","53.8%","±24.5","251","±251","23.6%","±21.3","375","±252","22.6%","±14.6","147","±119","16.2%","±15.7","228","±218","30.4%","±24.5"
"    Some other race alone","230,314","±10,822","(X)","(X)","119,466","±7,276","(X)","(X)","110,848","±5,224","(X)","(X)","977,197","±26,390","(X)","(X)","489,027","±14,364","(X)","(X)","488,170","±15,875","(X)","(X)","265,352","±10,360","(X)","(X)","138,783","±6,876","(X)","(X)","126,569","±5,075","(X)","(X)","44,006","±3,689","(X)","(X)","24,736","±2,590","(X)","(X)","19,270","±2,197","(X)","(X)","51,210","±3,776","(X)","(X)","26,425","±2,371","(X)","(X)","24,785","±2,490","(X)","(X)","113,722","±6,422","(X)","(X)","60,128","±3,475","(X)","(X)","53,594","±4,086","(X)","(X)","205,717","±8,993","(X)","(X)","102,237","±5,886","(X)","(X)","103,480","±4,974","(X)","(X)","115,739","±6,600","(X)","(X)","61,281","±3,935","(X)","(X)","54,458","±3,918","(X)","(X)","294,975","±11,398","(X)","(X)","150,279","±6,988","(X)","(X)","144,696","±6,231","(X)","(X)","68,893","±4,975","(X)","(X)","38,138","±3,023","(X)","(X)","30,755","±3,125","(X)","(X)"
"        High school graduate or higher","166,216","±8,459","72.2%","±2.1","85,609","±6,662","71.7%","±2.9","80,607","±4,292","72.7%","±2.4","773,520","±22,085","79.2%","±1.0","375,103","±11,684","76.7%","±1.4","398,417","±13,250","81.6%","±1.0","169,992","±9,327","64.1%","±2.0","84,648","±6,152","61.0%","±2.8","85,344","±5,005","67.4%","±2.4","28,051","±3,053","63.7%","±5.0","15,780","±2,262","63.8%","±6.7","12,271","±1,762","63.7%","±5.4","37,098","±3,266","72.4%","±3.5","18,787","±2,169","71.1%","±5.8","18,311","±2,043","73.9%","±3.9","84,788","±5,583","74.6%","±2.5","44,740","±3,102","74.4%","±3.0","40,048","±3,464","74.7%","±3.0","150,803","±7,558","73.3%","±2.6","72,990","±4,795","71.4%","±3.3","77,813","±4,579","75.2%","±3.0","84,328","±5,436","72.9%","±2.8","42,598","±3,540","69.5%","±4.1","41,730","±3,496","76.6%","±3.6","216,596","±10,573","73.4%","±1.9","107,845","±6,291","71.8%","±2.4","108,751","±6,005","75.2%","±2.3","47,571","±4,337","69.1%","±3.9","26,430","±2,747","69.3%","±4.6","21,141","±2,577","68.7%","±4.7"
"        Bachelor's degree or higher","41,011","±3,737","17.8%","±1.5","19,334","±2,719","16.2%","±1.9","21,677","±2,517","19.6%","±2.1","243,422","±11,396","24.9%","±1.0","111,017","±6,691","22.7%","±1.3","132,405","±8,200","27.1%","±1.3","44,124","±4,531","16.6%","±1.6","20,009","±2,670","14.4%","±1.7","24,115","±2,880","19.1%","±2.1","6,895","±1,733","15.7%","±3.4","4,567","±1,430","18.5%","±4.9","2,328","±866","12.1%","±4.3","8,657","±1,474","16.9%","±2.8","4,161","±990","15.7%","±3.8","4,496","±1,215","18.1%","±4.4","26,953","±3,863","23.7%","±2.7","14,294","±2,168","23.8%","±3.1","12,659","±2,728","23.6%","±4.4","29,509","±3,548","14.3%","±1.7","11,827","±2,038","11.6%","±2.0","17,682","±2,644","17.1%","±2.4","22,347","±2,613","19.3%","±2.0","11,209","±1,753","18.3%","±2.5","11,138","±1,835","20.5%","±3.0","54,033","±5,093","18.3%","±1.6","24,362","±2,649","16.2%","±1.7","29,671","±3,583","20.5%","±2.2","11,969","±1,749","17.4%","±2.2","6,144","±1,109","16.1%","±2.8","5,825","±1,251","18.9%","±3.3"
"    Two or more races","488,355","±12,580","(X)","(X)","249,836","±8,842","(X)","(X)","238,519","±6,774","(X)","(X)","2,831,850","±34,017","(X)","(X)","1,374,645","±18,049","(X)","(X)","1,457,205","±20,748","(X)","(X)","479,341","±14,999","(X)","(X)","231,143","±9,959","(X)","(X)","248,198","±8,816","(X)","(X)","99,932","±5,375","(X)","(X)","48,461","±3,410","(X)","(X)","51,471","±3,239","(X)","(X)","172,353","±7,795","(X)","(X)","85,634","±4,719","(X)","(X)","86,719","±4,910","(X)","(X)","365,585","±10,201","(X)","(X)","179,924","±6,581","(X)","(X)","185,661","±7,074","(X)","(X)","338,186","±11,301","(X)","(X)","169,164","±6,740","(X)","(X)","169,022","±6,999","(X)","(X)","381,500","±13,070","(X)","(X)","187,785","±8,244","(X)","(X)","193,715","±7,717","(X)","(X)","473,577","±14,467","(X)","(X)","230,332","±7,429","(X)","(X)","243,245","±9,855","(X)","(X)","225,800","±7,909","(X)","(X)","111,827","±4,674","(X)","(X)","113,973","±4,783","(X)","(X)"
"        High school graduate or higher","414,087","±11,270","84.8%","±1.2","211,047","±8,615","84.5%","±1.5","203,040","±6,431","85.1%","±1.5","2,407,056","±31,610","85.0%","±0.5","1,161,024","±17,557","84.5%","±0.7","1,246,032","±19,712","85.5%","±0.6","397,242","±12,844","82.9%","±1.0","189,001","±8,862","81.8%","±1.5","208,241","±8,359","83.9%","±1.5","84,538","±5,105","84.6%","±2.4","40,048","±3,155","82.6%","±3.3","44,490","±3,116","86.4%","±2.8","141,642","±7,179","82.2%","±1.8","68,172","±4,824","79.6%","±2.6","73,470","±4,626","84.7%","±2.3","315,656","±10,098","86.3%","±1.2","153,663","±6,707","85.4%","±1.7","161,993","±6,927","87.3%","±1.4","286,244","±10,617","84.6%","±1.4","139,992","±6,922","82.8%","±1.8","146,252","±6,728","86.5%","±1.7","332,262","±11,954","87.1%","±1.1","162,067","±7,205","86.3%","±1.4","170,195","±7,626","87.9%","±1.4","415,628","±14,043","87.8%","±1.1","202,595","±7,099","88.0%","±1.4","213,033","±9,374","87.6%","±1.4","186,533","±7,335","82.6%","±1.6","88,052","±4,278","78.7%","±2.0","98,481","±4,911","86.4%","±2.1"
"        Bachelor's degree or higher","152,018","±6,541","31.1%","±1.1","70,937","±4,758","28.4%","±1.7","81,081","±4,677","34.0%","±1.6","894,294","±20,557","31.6%","±0.7","417,412","±12,019","30.4%","±0.8","476,882","±12,772","32.7%","±0.8","153,562","±9,205","32.0%","±1.5","68,839","±5,997","29.8%","±2.2","84,723","±5,895","34.1%","±1.8","25,403","±3,077","25.4%","±2.7","11,153","±1,843","23.0%","±3.4","14,250","±2,223","27.7%","±3.7","44,022","±3,257","25.5%","±1.8","18,946","±2,090","22.1%","±2.4","25,076","±2,696","28.9%","±2.9","103,591","±6,626","28.3%","±1.4","45,792","±3,450","25.5%","±1.7","57,799","±4,771","31.1%","±1.9","80,772","±5,394","23.9%","±1.5","34,388","±3,449","20.3%","±1.9","46,384","±3,640","27.4%","±2.0","106,523","±6,223","27.9%","±1.4","49,404","±4,271","26.3%","±2.0","57,119","±3,932","29.5%","±1.8","144,063","±7,826","30.4%","±1.4","65,070","±5,326","28.3%","±2.1","78,993","±5,545","32.5%","±1.8","56,700","±3,870","25.1%","±1.5","23,406","±2,174","20.9%","±1.7","33,294","±3,000","29.2%","±2.3"
"    Hispanic or Latino Origin","756,981","±2,262","(X)","(X)","386,031","±2,278","(X)","(X)","370,950","±1,864","(X)","(X)","4,073,670","±2,986","(X)","(X)","2,001,704","±2,492","(X)","(X)","2,071,966","±1,971","(X)","(X)","608,227","±4,355","(X)","(X)","313,339","±3,366","(X)","(X)","294,888","±2,955","(X)","(X)","110,956","±2,269","(X)","(X)","58,444","±1,791","(X)","(X)","52,512","±2,053","(X)","(X)","149,863","±2,353","(X)","(X)","79,095","±2,131","(X)","(X)","70,768","±1,751","(X)","(X)","308,705","±2,253","(X)","(X)","158,492","±1,891","(X)","(X)","150,213","±2,213","(X)","(X)","654,924","±3,888","(X)","(X)","321,776","±2,661","(X)","(X)","333,148","±2,681","(X)","(X)","278,444","±3,573","(X)","(X)","144,238","±3,137","(X)","(X)","134,206","±2,941","(X)","(X)","611,674","±2,553","(X)","(X)","308,917","±1,898","(X)","(X)","302,757","±2,019","(X)","(X)","228,679","±2,102","(X)","(X)","117,744","±1,584","(X)","(X)","110,935","±1,675","(X)","(X)"
"        High school graduate or higher","590,383","±9,711","78.0%","±1.3","297,927","±6,914","77.2%","±1.7","292,456","±5,304","78.8%","±1.4","3,349,526","±19,897","82.2%","±0.5","1,622,438","±12,739","81.1%","±0.6","1,727,088","±10,305","83.4%","±0.5","423,316","±7,879","69.6%","±1.2","211,814","±5,535","67.6%","±1.6","211,502","±4,891","71.7%","±1.5","77,888","±3,543","70.2%","±2.9","39,875","±2,877","68.2%","±4.2","38,013","±2,242","72.4%","±3.1","111,940","±3,845","74.7%","±2.3","57,897","±2,700","73.2%","±3.2","54,043","±2,529","76.4%","±2.7","238,816","±5,114","77.4%","±1.4","120,757","±3,416","76.2%","±1.8","118,059","±3,728","78.6%","±1.8","529,544","±7,454","80.9%","±1.1","254,146","±5,367","79.0%","±1.6","275,398","±4,847","82.7%","±1.3","216,490","±5,883","77.7%","±1.9","108,439","±4,419","75.2%","±2.6","108,051","±4,033","80.5%","±2.1","471,423","±8,128","77.1%","±1.2","235,365","±5,523","76.2%","±1.6","236,058","±4,850","78.0%","±1.5","167,372","±5,236","73.2%","±2.0","82,163","±2,948","69.8%","±2.3","85,209","±3,374","76.8%","±2.7"
"        Bachelor's degree or higher","163,171","±6,104","21.6%","±0.8","74,838","±4,560","19.4%","±1.2","88,333","±4,168","23.8%","±1.1","1,176,912","±22,417","28.9%","±0.5","538,993","±14,115","26.9%","±0.7","637,919","±13,405","30.8%","±0.6","131,066","±6,872","21.5%","±1.1","62,845","±4,624","20.1%","±1.4","68,221","±4,510","23.1%","±1.5","17,474","±2,192","15.7%","±1.9","9,145","±1,569","15.6%","±2.5","8,329","±1,457","15.9%","±2.7","35,410","±2,699","23.6%","±1.8","18,140","±1,821","22.9%","±2.3","17,270","±1,861","24.4%","±2.5","72,376","±4,093","23.4%","±1.3","34,107","±2,725","21.5%","±1.7","38,269","±2,784","25.5%","±1.8","127,504","±7,067","19.5%","±1.1","50,983","±4,266","15.8%","±1.3","76,521","±4,724","23.0%","±1.4","66,585","±4,276","23.9%","±1.5","32,758","±3,258","22.7%","±2.2","33,827","±2,418","25.2%","±1.8","127,430","±6,899","20.8%","±1.1","54,730","±3,920","17.7%","±1.3","72,700","±4,989","24.0%","±1.6","41,663","±2,936","18.2%","±1.3","17,442","±1,884","14.8%","±1.6","24,221","±2,360","21.8%","±2.1"
"POVERTY RATE FOR THE POPULATION 25 YEARS AND OVER FOR WHOM POVERTY STATUS IS DETERMINED BY EDUCATIONAL ATTAINMENT LEVEL","","","","","","","","","","","","","","","","","","","","","","","","","","","","","","","","","","","","","","","","","","","","","","","","","","","","","","","","","","","","","","","","","","","","","","","","","","","","","","","","","","","","","","","","","","","","","","","","","","","","","","","","","","","","","","","","","","","","","","","",""
"    Less than high school graduate","(X)","(X)","20.8%","±1.8","(X)","(X)","17.9%","±2.1","(X)","(X)","23.9%","±2.7","(X)","(X)","24.8%","±0.9","(X)","(X)","21.9%","±1.0","(X)","(X)","27.8%","±1.2","(X)","(X)","24.0%","±1.2","(X)","(X)","19.2%","±1.4","(X)","(X)","29.1%","±1.6","(X)","(X)","23.9%","±1.7","(X)","(X)","21.8%","±2.5","(X)","(X)","26.4%","±2.5","(X)","(X)","33.4%","±1.6","(X)","(X)","28.0%","±2.0","(X)","(X)","39.6%","±2.0","(X)","(X)","27.1%","±1.2","(X)","(X)","23.9%","±1.5","(X)","(X)","30.5%","±1.7","(X)","(X)","30.5%","±2.4","(X)","(X)","25.7%","±2.3","(X)","(X)","35.6%","±3.3","(X)","(X)","28.5%","±1.1","(X)","(X)","24.5%","±1.4","(X)","(X)","32.8%","±1.5","(X)","(X)","25.0%","±1.2","(X)","(X)","21.4%","±1.4","(X)","(X)","28.7%","±1.6","(X)","(X)","22.9%","±1.4","(X)","(X)","19.8%","±1.6","(X)","(X)","26.9%","±2.0"
"    High school graduate (includes equivalency)","(X)","(X)","11.2%","±0.7","(X)","(X)","9.2%","±0.8","(X)","(X)","13.5%","±1.1","(X)","(X)","14.1%","±0.3","(X)","(X)","12.0%","±0.4","(X)","(X)","16.2%","±0.5","(X)","(X)","14.0%","±0.5","(X)","(X)","11.2%","±0.6","(X)","(X)","16.9%","±0.7","(X)","(X)","11.9%","±0.6","(X)","(X)","9.4%","±0.8","(X)","(X)","14.9%","±0.9","(X)","(X)","18.6%","±0.8","(X)","(X)","14.8%","±0.9","(X)","(X)","22.4%","±1.2","(X)","(X)","15.1%","±0.5","(X)","(X)","13.1%","±0.6","(X)","(X)","17.1%","±0.7","(X)","(X)","18.6%","±1.3","(X)","(X)","15.8%","±1.4","(X)","(X)","21.6%","±2.1","(X)","(X)","14.2%","±0.4","(X)","(X)","11.6%","±0.5","(X)","(X)","17.0%","±0.6","(X)","(X)","13.5%","±0.4","(X)","(X)","10.9%","±0.5","(X)","(X)","16.1%","±0.6","(X)","(X)","12.4%","±0.4","(X)","(X)","9.7%","±0.5","(X)","(X)","15.3%","±0.7"
"    Some college or associate's degree","(X)","(X)","8.9%","±0.6","(X)","(X)","7.5%","±0.7","(X)","(X)","10.2%","±0.8","(X)","(X)","9.8%","±0.3","(X)","(X)","7.7%","±0.4","(X)","(X)","11.6%","±0.4","(X)","(X)","9.6%","±0.5","(X)","(X)","6.8%","±0.5","(X)","(X)","11.7%","±0.6","(X)","(X)","8.1%","±0.6","(X)","(X)","6.7%","±0.7","(X)","(X)","9.4%","±0.7","(X)","(X)","13.6%","±0.7","(X)","(X)","9.4%","±0.8","(X)","(X)","17.2%","±1.1","(X)","(X)","10.9%","±0.4","(X)","(X)","8.4%","±0.5","(X)","(X)","13.2%","±0.6","(X)","(X)","15.1%","±1.1","(X)","(X)","11.9%","±1.5","(X)","(X)","18.0%","±1.5","(X)","(X)","10.6%","±0.4","(X)","(X)","7.4%","±0.5","(X)","(X)","13.3%","±0.6","(X)","(X)","9.4%","±0.5","(X)","(X)","7.1%","±0.6","(X)","(X)","11.3%","±0.7","(X)","(X)","8.1%","±0.4","(X)","(X)","6.5%","±0.5","(X)","(X)","9.5%","±0.6"
"    Bachelor's degree or higher","(X)","(X)","3.9%","±0.3","(X)","(X)","3.6%","±0.4","(X)","(X)","4.1%","±0.4","(X)","(X)","5.8%","±0.2","(X)","(X)","5.3%","±0.3","(X)","(X)","6.2%","±0.3","(X)","(X)","4.5%","±0.3","(X)","(X)","3.8%","±0.4","(X)","(X)","5.0%","±0.4","(X)","(X)","3.9%","±0.4","(X)","(X)","3.9%","±0.6","(X)","(X)","3.9%","±0.5","(X)","(X)","6.1%","±0.5","(X)","(X)","5.3%","±0.7","(X)","(X)","6.7%","±0.8","(X)","(X)","4.0%","±0.2","(X)","(X)","3.5%","±0.3","(X)","(X)","4.4%","±0.3","(X)","(X)","5.9%","±0.7","(X)","(X)","5.6%","±1.0","(X)","(X)","6.2%","±0.9","(X)","(X)","4.2%","±0.2","(X)","(X)","4.0%","±0.3","(X)","(X)","4.3%","±0.3","(X)","(X)","4.4%","±0.2","(X)","(X)","3.9%","±0.3","(X)","(X)","4.9%","±0.3","(X)","(X)","3.9%","±0.3","(X)","(X)","3.3%","±0.3","(X)","(X)","4.4%","±0.4"
"MEDIAN EARNINGS IN THE PAST 12 MONTHS (IN 2022 INFLATION-ADJUSTED DOLLARS)","","","","","","","","","","","","","","","","","","","","","","","","","","","","","","","","","","","","","","","","","","","","","","","","","","","","","","","","","","","","","","","","","","","","","","","","","","","","","","","","","","","","","","","","","","","","","","","","","","","","","","","","","","","","","","","","","","","","","","","",""
"    Population 25 years and over with earnings","55,648","±720","(X)","(X)","64,224","±737","(X)","(X)","47,480","±856","(X)","(X)","44,036","±330","(X)","(X)","50,390","±317","(X)","(X)","38,794","±490","(X)","(X)","47,625","±512","(X)","(X)","53,727","±487","(X)","(X)","41,035","±371","(X)","(X)","48,569","±620","(X)","(X)","54,659","±553","(X)","(X)","41,081","±536","(X)","(X)","43,207","±748","(X)","(X)","52,246","±588","(X)","(X)","35,758","±695","(X)","(X)","47,259","±406","(X)","(X)","54,664","±487","(X)","(X)","39,439","±492","(X)","(X)","41,866","±573","(X)","(X)","46,491","±1,394","(X)","(X)","37,774","±1,037","(X)","(X)","47,521","±357","(X)","(X)","54,436","±382","(X)","(X)","40,334","±243","(X)","(X)","50,871","±266","(X)","(X)","57,729","±740","(X)","(X)","42,397","±326","(X)","(X)","50,039","±335","(X)","(X)","56,462","±617","(X)","(X)","41,920","±294","(X)","(X)"
"        Less than high school graduate","34,357","±1,706","(X)","(X)","40,470","±2,184","(X)","(X)","26,991","±2,567","(X)","(X)","28,063","±876","(X)","(X)","31,747","±405","(X)","(X)","23,116","±922","(X)","(X)","30,325","±631","(X)","(X)","35,322","±1,234","(X)","(X)","23,559","±1,065","(X)","(X)","32,968","±2,066","(X)","(X)","39,736","±3,192","(X)","(X)","27,090","±2,003","(X)","(X)","25,977","±890","(X)","(X)","31,573","±1,190","(X)","(X)","19,570","±2,349","(X)","(X)","30,404","±670","(X)","(X)","36,227","±1,855","(X)","(X)","22,296","±1,422","(X)","(X)","26,396","±1,303","(X)","(X)","30,738","±937","(X)","(X)","20,330","±1,347","(X)","(X)","30,152","±910","(X)","(X)","34,751","±1,787","(X)","(X)","21,565","±1,080","(X)","(X)","32,177","±897","(X)","(X)","39,267","±1,690","(X)","(X)","23,562","±2,084","(X)","(X)","35,193","±1,456","(X)","(X)","39,939","±1,783","(X)","(X)","27,810","±2,199","(X)","(X)"
"        High school graduate (includes equivalency)","42,245","±868","(X)","(X)","49,663","±1,398","(X)","(X)","34,065","±2,240","(X)","(X)","34,769","±469","(X)","(X)","40,223","±326","(X)","(X)","28,801","±679","(X)","(X)","35,880","±536","(X)","(X)","40,780","±664","(X)","(X)","30,448","±438","(X)","(X)","39,439","±863","(X)","(X)","46,204","±770","(X)","(X)","28,860","±1,606","(X)","(X)","33,568","±1,577","(X)","(X)","44,990","±1,372","(X)","(X)","25,942","±569","(X)","(X)","35,865","±453","(X)","(X)","41,633","±449","(X)","(X)","28,232","±1,039","(X)","(X)","31,961","±744","(X)","(X)","36,377","±1,461","(X)","(X)","27,001","±1,732","(X)","(X)","36,919","±427","(X)","(X)","43,823","±727","(X)","(X)","29,197","±718","(X)","(X)","38,087","±545","(X)","(X)","45,060","±610","(X)","(X)","30,480","±374","(X)","(X)","40,104","±484","(X)","(X)","46,832","±674","(X)","(X)","31,059","±429","(X)","(X)"
"        Some college or associate's degree","46,542","±821","(X)","(X)","54,159","±1,254","(X)","(X)","39,167","±1,132","(X)","(X)","41,565","±288","(X)","(X)","49,272","±794","(X)","(X)","35,768","±485","(X)","(X)","42,139","±452","(X)","(X)","51,535","±670","(X)","(X)","35,608","±657","(X)","(X)","45,837","±899","(X)","(X)","55,043","±1,081","(X)","(X)","37,609","±1,138","(X)","(X)","40,916","±730","(X)","(X)","52,442","±1,209","(X)","(X)","32,208","±987","(X)","(X)","41,762","±337","(X)","(X)","51,679","±526","(X)","(X)","34,078","±1,013","(X)","(X)","39,701","±1,458","(X)","(X)","45,698","±2,086","(X)","(X)","33,991","±1,747","(X)","(X)","42,690","±433","(X)","(X)","52,191","±518","(X)","(X)","35,817","±484","(X)","(X)","44,804","±671","(X)","(X)","53,436","±803","(X)","(X)","37,537","±641","(X)","(X)","45,726","±600","(X)","(X)","54,296","±758","(X)","(X)","37,815","±771","(X)","(X)"
"        Bachelor's degree","69,493","±1,237","(X)","(X)","84,234","±2,137","(X)","(X)","56,710","±1,521","(X)","(X)","56,243","±818","(X)","(X)","68,211","±1,806","(X)","(X)","49,658","±628","(X)","(X)","63,803","±738","(X)","(X)","77,724","±1,807","(X)","(X)","53,933","±873","(X)","(X)","58,561","±1,365","(X)","(X)","70,800","±2,172","(X)","(X)","50,826","±1,068","(X)","(X)","55,685","±1,818","(X)","(X)","69,378","±2,406","(X)","(X)","49,249","±1,882","(X)","(X)","63,077","±740","(X)","(X)","78,167","±1,845","(X)","(X)","52,364","±857","(X)","(X)","55,322","±1,829","(X)","(X)","64,587","±3,272","(X)","(X)","50,484","±2,096","(X)","(X)","62,605","±681","(X)","(X)","75,136","±1,290","(X)","(X)","53,252","±828","(X)","(X)","64,722","±790","(X)","(X)","77,353","±1,635","(X)","(X)","54,430","±804","(X)","(X)","61,428","±837","(X)","(X)","74,145","±1,645","(X)","(X)","52,799","±869","(X)","(X)"
"        Graduate or professional degree","84,468","±1,931","(X)","(X)","103,054","±2,568","(X)","(X)","71,220","±1,764","(X)","(X)","74,215","±1,259","(X)","(X)","92,458","±2,598","(X)","(X)","63,436","±1,064","(X)","(X)","78,550","±1,341","(X)","(X)","97,736","±4,102","(X)","(X)","67,566","±1,268","(X)","(X)","73,926","±1,640","(X)","(X)","85,132","±5,330","(X)","(X)","67,618","±1,807","(X)","(X)","65,857","±2,150","(X)","(X)","82,457","±3,355","(X)","(X)","58,210","±2,444","(X)","(X)","78,984","±1,580","(X)","(X)","97,014","±2,127","(X)","(X)","69,239","±1,589","(X)","(X)","73,105","±2,622","(X)","(X)","90,005","±6,312","(X)","(X)","64,484","±2,352","(X)","(X)","77,691","±1,125","(X)","(X)","94,557","±1,937","(X)","(X)","69,993","±1,023","(X)","(X)","80,977","±1,013","(X)","(X)","98,386","±3,338","(X)","(X)","71,618","±970","(X)","(X)","75,811","±1,232","(X)","(X)","93,791","±2,873","(X)","(X)","66,703","±1,770","(X)","(X)"